ticker,facility_id,facility_name,state,naics,share,co2e_t,parent_company
XOM,1001874,BPXA GATHERING CENTER #2,AK,211111,0.364,,EXXON MOBIL CORP (36.4%); CONOCOPHILLIPS (36.1%); BP AMERICA INC (26.4%); CHEVRON CORP (1.2%)
XOM,1013842,PHP Junction Compressor Station,TX,486210,0.1999,127570.124,APA CORP (26.67%); EAGLECLAW MIDSTREAM SERVICES LLC (26.67%); KINDER MORGAN INC (26.67%); EXXON MOBIL CORP (19.99%)
XOM,1001799,BPXA FLOW STATION #1,AK,211111,0.364,,EXXON MOBIL CORP (36.4%); CONOCOPHILLIPS (36.1%); BP AMERICA INC (26.4%); CHEVRON CORP (1.2%)
XOM,1004142,XTO - Midpt Station,TX,211111,1.0,,EXXONMOBIL CORP (100%)
XOM,1001875,BPXA GATHERING CENTER #3,AK,211111,0.364,,EXXON MOBIL CORP (36.4%); CONOCOPHILLIPS (36.1%); BP AMERICA INC (26.4%); CHEVRON CORP (1.2%)
XOM,1005393,XTO - Chandler Station,TX,211111,1.0,,EXXONMOBIL CORP (100%)
XOM,1002672,Trawick Central Station,TX,211111,1.0,,EXXONMOBIL CORP (100%)
XOM,1013843,PHP 285 Compressor Station,TX,486210,0.2,125913.78,APA CORP (26.67%); EAGLECLAW MIDSTREAM SERVICES LLC (26.67%); KINDER MORGAN INC (26.67%); EXXON MOBIL CORP (20%)
XOM,1003484,EXXONMOBIL CHEMICAL CO - BATON ROUGE PLASTICS PLANT,LA,325211,1.0,74312.72,EXXON MOBIL CORP (100%)
XOM,1007643,EXXONMOBIL BATON ROUGE REFINERY AND CHEMICAL PLANT,LA,324110,1.0,86892465.7651042,EXXON MOBIL CORP (100%)
XOM,1006274,EXXONMOBIL CHEMICAL MONT BELVIEU PLASTICS PLANT,TX,325211,1.0,93204.2,EXXON MOBIL CORP (100%)
XOM,1005858,DENVER UNIT CO 2 RECOVERY PLANT,TX,211120,0.12,99720.708,OCCIDENTAL PETROLEUM CORP (53%); CHEVRON CORP (17%); CONOCOPHILLIPS (14%); EXXON MOBIL CORP (12%); ARIEL EXPLORATION INC (1%); COTERRA ENERGY INC (1%); DEVON ENERGY CORP (1%); PENROC OIL CORP (1%)
XOM,1002676,Hawkins Gas Plant,TX,211130,1.0,81902.41399999999,EXXON MOBIL CORP (100%)
XOM,1012581,XTO Energy Inc 595 Piceance  GB,NM,211130,1.0,,EXXON MOBIL CORP (100%)
XOM,1012552,XTO Energy Inc 350 South Oklahoma Folded Belt  GB,OK,211130,1.0,258975.742,EXXON MOBIL CORP (100%)
XOM,1002735,EAST VACUUM LIQUID RECOVERY PLANT/CO2 PLANT,NM,211120,0.38,17375.132,MARATHON OIL CORP (5%); CONOCOPHILLIPS (46%); EXXON MOBIL CORP (38%); APA CORP (11%)
XOM,1013841,PHP Big Lake Compressor Station,TX,486210,0.1999,136720.212,APA CORP (26.67%); EAGLECLAW MIDSTREAM SERVICES LLC (26.67%); KINDER MORGAN INC (26.67%); EXXON MOBIL CORP (19.99%)
XOM,1012546,XTO Energy Inc 507 Central Western Overthrust  GB,OK,211130,1.0,2090.75,EXXON MOBIL CORP (100%)
XOM,1009388,XTO Energy Inc 420 Fort Worth Syncline,TX,211130,1.0,,EXXON MOBIL CORP (100%)
XOM,1007959,Exxonmobil Beaumont Refinery,TX,324110,1.0,89058741.80501021,EXXON MOBIL CORP (100%)
XOM,1005405,XTO - Kindon Station,TX,211111,1.0,,EXXONMOBIL CORP (100%)
XOM,1011100,"Cross Timbers Energy, LLC - San Juan Basin 580",TX,211130,0.5,17887.192,EXXON MOBIL CORP (50%); MORNINGSTAR PARTNERS LP (50%)
XOM,1010591,XTO Stonefly Compressor Station,AR,211111,1.0,,EXXONMOBIL CORP (100%)
XOM,1010913,XTO - Jefferson Township Station,PA,211111,1.0,,EXXONMOBIL CORP (100%)
XOM,1012596,XTO Energy Inc 220 Gulf Coast  GB,TX,211130,1.0,64725.03,EXXON MOBIL CORP (100%)
XOM,1012568,XTO Energy Inc 395 Williston  GB,ND,211130,1.0,101784.242,EXXON MOBIL CORP (100%)
XOM,1014396,Cowboy CDP,NM,211120,1.0,73088.92,EXXON MOBIL CORP (100%)
XOM,1012588,XTO Energy Inc 580 San Juan  GB,NM,211111,1.0,,EXXONMOBIL CORP (100%)
XOM,1005409,XTO - BOA GAS TREATING PLANT,TX,211111,1.0,,EXXONMOBIL CORP (100%);
XOM,1004134,XTO - Azle Station,TX,211111,1.0,,EXXONMOBIL CORP (100%)
XOM,1005793,XTO-Freestone Central Station,TX,211111,1.0,,EXXONMOBIL CORP (100%)
XOM,1006801,EXXONMOBIL CHEMICAL CO - BATON ROUGE POLYOLEFINS PLANT,LA,325211,1.0,156123.98200000002,EXXON MOBIL CORP (100%)
XOM,1007229,XTO - Teague NE Station,TX,211111,1.0,,EXXONMOBIL CORP (100%)
XOM,1004141,XTO - Longhorn Station,TX,211111,1.0,,EXXONMOBIL CORP (100%)
XOM,1014210,Gulf Coast Growth Ventures LLC,TX,325199,0.5,1597729.74,EXXON MOBIL CORP (50%); SABIC US HOLDINGS LP (50%)
XOM,1005404,XTO - Mitchell Station,TX,211111,1.0,,EXXONMOBIL CORP (100%)
XOM,1008078,XTO Energy Inc 507 Central Western Overthrust,OK,211130,1.0,73130.55,EXXON MOBIL CORP (100%)
XOM,1002507,Mobile Bay - Northwest Gulf Platform,AL,211130,1.0,,EXXONMOBIL CORP (100%)
XOM,1005406,XTO - Morton Station,TX,211111,1.0,,EXXONMOBIL CORP (100%)
XOM,1004998,ConocoPhillips Alaska Inc - KRU CPF3,AK,211120,0.0253,337420.77999999997,CONOCOPHILLIPS (92.52%); CHEVRON CORP (4.95%); EXXON MOBIL CORP (2.53%)
XOM,1001800,BPXA FLOW STATION #2,AK,211111,0.364,,EXXON MOBIL CORP (36.4%); CONOCOPHILLIPS (36.1%); BP AMERICA INC (26.4%); CHEVRON CORP (1.2%)
XOM,1006416,BEAUMONT POLYETHYLENE PLANT,TX,325211,1.0,68633.68400000001,EXXON MOBIL CORP (100%)
XOM,1004148,XTO - Teague Townsite Station,TX,211111,1.0,,EXXONMOBIL CORP (100%)
XOM,1006068,EXXONMOBIL OIL JOLIET REFINERY,IL,324110,1.0,45056313.874535106,EXXON MOBIL CORP (100%)
XOM,1005315,XTO - Walsh Ranch West,TX,211111,1.0,,EXXONMOBIL CORP (100%)
XOM,1009142,XTO Energy Inc 580 San Juan,NM,211111,1.0,,EXXONMOBIL CORP (100%)
XOM,1007542,EXXONMOBIL Bt Site,TX,324110,1.0,94894787.7906668,EXXON MOBIL CORP (100%)
XOM,1005391,XTO - Farrar Plant,TX,211130,1.0,35371.458,EXXON MOBIL CORP (100%)
XOM,1009390,XTO Energy Inc 430 Permian,TX,211130,1.0,664642.61,EXXON MOBIL CORP (100%)
XOM,1004135,XTO - Bailey Station,TX,211111,1.0,,EXXONMOBIL CORP (100%)
XOM,1013949,XTO - Boyscout Boardwalk,AR,211130,1.0,,EXXON MOBIL CORP (100%)
XOM,1009740,XTO Means Field CO2 Injection,TX,211130,1.0,,EXXON MOBIL CORP (100%)
XOM,1005789,ConocoPhillips Alaska Inc - KRU CPF1,AK,211120,0.0253,492806.81799999997,CONOCOPHILLIPS (92.52%); CHEVRON CORP (4.95%); EXXON MOBIL CORP (2.53%)
XOM,1002150,Shute Creek Facility,WY,211130,1.0,3590625.8359999997,EXXON MOBIL CORP (100%)
XOM,1003267,Hoover Diana Platform (AC25-HA),TX,211130,0.6667000000000001,86192.46800000001,EXXON MOBIL CORP (66.67%); ANADARKO US OFFSHORE LLC (33.33%)
XOM,1012560,XTO Energy Inc 160A Appalachian E Overthrust  GB,PA,211130,1.0,156469.836,EXXON MOBIL CORP (100%)
XOM,1008116,XTO Energy Inc 160A Appalachian E Overthrust,PA,211130,1.0,33114.85,EXXON MOBIL CORP (100%)
XOM,1013844,PHP Praha Compressor Station,TX,486210,0.1999,129426.718,APA CORP (26.67%); EAGLECLAW MIDSTREAM SERVICES LLC (26.67%); KINDER MORGAN INC (26.67%); EXXON MOBIL CORP (19.99%)
XOM,1007410,Tebone Fractionator,LA,211130,0.0304,,ENTERPRISE PRODUCTS PARTNERS LP (64.19%); DCP MIDSTREAM LP (6.9%); W&T OFFSHORE INC (5.17%); TARGA RESOURCES CORP (4.75%); EXXON MOBIL CORP (3.04%); LEED PETROLEUM LLC (2.56%); APACHE CORP (2.25%); GRIZZLY ENERGY LLC (1.67%); ARENA ENERGY LP (1.34%); ENI PETROLEUM CO INC (1.23%); UNION EXPLORATION PARTNERS LTD (1.12%)
XOM,1005749,XTO-Tyrone Gas Plant,OK,211111,1.0,,EXXONMOBIL CORP (100%)
XOM,1005001,ConocoPhillips Alaska Inc - KRU STP,AK,211120,0.0253,77506.66,CONOCOPHILLIPS (92.52%); CHEVRON CORP (4.95%); EXXON MOBIL CORP (2.53%)
XOM,1003128,Terrell Gas Plant,TX,211120,0.23,61563.136,OCCIDENTAL PETROLEUM CORP (54%); EXXON MOBIL CORP (23%); ZPZ DELAWARE I LLC (23%)
XOM,1006270,XTO - Cotton Valley Gas Plant,LA,211130,1.0,221340.406,EXXON MOBIL CORP (100%)
XOM,1008952,Anadarko Basin - 360,TX,211111,1.0,,EXXONMOBIL CORP (100%);
XOM,1005317,XTO - Oliver Station,AR,211111,1.0,,EXXONMOBIL CORP (100%)
XOM,1002155,Aera Energy Ventura,CA,211111,0.48200000000000004,,EXXONMOBIL CORP (48.2%);SHELL OIL CO (51.8%);
XOM,1010908,XTO - Cook Compressor Station,OK,211111,1.0,,EXXONMOBIL CORP (100%)
XOM,1010907,XTO - Berwyn Compressor Station,OK,211111,1.0,,EXXONMOBIL CORP (100%)
XOM,1002688,OXY USA - SHEEP MTN CO2 FACILITY,CO,211120,0.5,233829.0,EXXON MOBIL CORP (50%); OCCIDENTAL PETROLEUM CORP (50%)
XOM,1010458,ExxonMobil Chemical Company,TX,325110,1.0,453694.49,EXXON MOBIL CORP (100%)
XOM,1008616,XTO Energy Inc 350 South Oklahoma Folded Belt,OK,211130,1.0,242106.756,EXXON MOBIL CORP (100%)
XOM,1008954,Green River Basin - 535,TX,211130,1.0,6930.5,EXXON MOBIL CORP (100%)
XOM,1008275,XTO Energy Inc 395 Williston,ND,211130,1.0,533986.0700000001,EXXON MOBIL CORP (100%)
XOM,1010459,Exxon Mobil Corporation,TX,324110,1.0,51889010.6346794,EXXON MOBIL CORP (100%)
XOM,1009739,XTO Cornell Mahoney Field CO2 Injection,TX,211130,1.0,,EXXON MOBIL CORP (100%)
XOM,1005357,XTO - TRWD Station,TX,211111,1.0,,EXXONMOBIL CORP (100%)
XOM,1004422,ConocoPhillips Alaska Inc - KRU CPF2,AK,211120,0.0253,293507.848,CONOCOPHILLIPS (92.52%); CHEVRON CORP (4.95%); EXXON MOBIL CORP (2.53%)
XOM,1009751,XTO Cordona Lake Field CO2 Injection,TX,211130,1.0,,EXXON MOBIL CORP (100%)
XOM,1001805,SEA ROBIN GAS PROCESSING PLANT,LA,211130,0.1052,3823.536,EL PASO CORP (6.03%); APA CORP (4.2%); HESS CORP (24.41%); LOUIS DREYFUS CO NORTH AMERICA LLC (19.53%); DEVON ENERGY CORP (17.98%); ENTERPRISE PRODUCTS PARTNERS LP (15.54%); EXXON MOBIL CORP (10.52%)
XOM,1005757,XTO-Piney Creek Compressor Station,AR,211111,1.0,,EXXONMOBIL CORP (100%)
XOM,1011831,Point Thomson Production Facility,AK,211130,0.6236999999999999,,EXXON MOBIL CORP (62.37%); HILCORP ALASKA LLC (36.99%)
XOM,1004727,Toca Gas Processing Plant,LA,211130,0.0852,,EXXON MOBIL CORP (8.52%); ENTERPRISE PRODUCTS PARTNERS LP (64.52%); APACHE CORP (12.31%); TARGA RESOURCES CORP (10.2875%); HILCORP ENERGY CO (1.39%); NOBLE ENERGY INC (1.275%); DCP MIDSTREAM LP (1.13%)
XOM,1008079,XTO Energy Inc 260 East Texas,TX,211130,1.0,311004.322,EXXON MOBIL CORP (100%)
XOM,1012539,XTO Energy Inc 360 Anadarko  GB,OK,211130,1.0,12755.99,EXXON MOBIL CORP (100%)
XOM,1003677,Green Canyon 205 A,LA,211120,0.403787,,CHEVRON CORP (59.6213%); EXXON MOBIL CORP (40.3787%)
XOM,1002686,Bravo Dome,NM,211120,0.02,2521682.0,OCCIDENTAL PETROLEUM CORP (77%); EXXON MOBIL CORP (2%); KINDER MORGAN INC (11%); HESS CORP (10%)
XOM,1010914,XTO - Hattieville Compressor Station,AR,211130,1.0,,EXXON MOBIL CORP (100%)
XOM,1009082,XTO Energy Inc 230 Arkla,TX,211130,1.0,102459.024,EXXON MOBIL CORP (100%)
XOM,1009392,XTO Energy Inc 345 Arkoma,OK,211130,1.0,27229.15,EXXON MOBIL CORP (100%)
XOM,1012541,XTO Energy Inc 430 Permian  GB,TX,211130,1.0,2304658.018,EXXON MOBIL CORP (100%)
XOM,1013825,"Transmission Pipeline Facility, Permian Highway Pipeline, LLC",TX,486210,0.2,65319.05,APA CORP (26.67%); EAGLECLAW MIDSTREAM SERVICES LLC (26.67%); KINDER MORGAN INC (26.67%); EXXON MOBIL CORP (20%)
XOM,1004146,XTO - Risinger Station,TX,211111,1.0,,EXXONMOBIL CORP (100%)
XOM,1014575,Exxon Mobil Corporation-Baton Rouge Resin Finishing Plant,LA,325211,1.0,24493.208,EXXON MOBIL CORP (100%)
XOM,1008949,Gulf Coast Basin - 220,TX,211111,1.0,,EXXON MOBIL CORP (100%)
XOM,1013012,GA209 Platform,TX,211130,1.0,,EXXONMOBIL CORP (100%)
XOM,1004139,XTO - Lillian Station,TX,211111,1.0,,EXXONMOBIL CORP (100%)
XOM,1005401,XTO - HILL RANCH #1,CO,211111,1.0,,EXXONMOBIL CORP (100%)
XOM,1001873,BPXA GATHERING CENTER #1,AK,211111,0.364,,EXXON MOBIL CORP (36.4%); CONOCOPHILLIPS (36.1%); BP AMERICA INC (26.4%); CHEVRON CORP (1.2%)
XOM,1004144,XTO - New Teague Plant,TX,211130,1.0,42016.834,EXXON MOBIL CORP (100%)
XOM,1005402,XTO - Blalock Station,TX,211111,1.0,,EXXONMOBIL CORP (100%)
XOM,1012595,XTO Energy Inc 260 East Texas  GB,TX,211130,1.0,428921.534,EXXON MOBIL CORP (100%)
XOM,1006720,XTO - Rendon Station,TX,211111,1.0,,EXXONMOBIL CORP (100%)
XOM,1002384,Santa Ynez Unit (SYU),CA,211120,1.0,,EXXON MOBIL CORP (100%)
XOM,1009387,XTO Energy Inc 415 Strawn,TX,211130,1.0,,EXXON MOBIL CORP (100%)
XOM,1005031,Port Allen Complex,LA,211130,0.16870000000000002,2451468.8380000005,ENTERPRISE PRODUCTS PARTNERS LP (32.25%); THE WILLIAMS COS INC (31.45%); BP AMERICA INC (19.43%); EXXON MOBIL CORP (16.87%)
XOM,1012577,XTO Energy Inc 575 Uintah  GB,NM,211130,1.0,,EXXON MOBIL CORP (100%)
XOM,1012530,XTO Energy Inc 230 Arkla  GB,TX,211130,1.0,37855.296,EXXON MOBIL CORP (100%)
XOM,1005071,North Terrebonne Gas Plant,LA,211130,0.0304,,ENTERPRISE PRODUCTS PARTNERS LP (64.19%); DCP MIDSTREAM LP (6.9%); W&T OFFSHORE INC (5.17%); TARGA RESOURCES CORP (4.75%); EXXON MOBIL CORP (3.04%); LEED PETROLEUM LLC (2.56%); APACHE CORP (2.25%); GRIZZLY ENERGY LLC (1.67%); ARENA ENERGY LP (1.34%); ENI PETROLEUM CO INC (1.23%); UNION EXPLORATION PARTNERS LTD (1.12%)
XOM,1009143,XTO Energy Inc 360 Anadarko,OK,211130,1.0,65372.298,EXXON MOBIL CORP (100%)
XOM,1002673,XTO - PICEANCE CREEK,CO,211111,1.0,,EXXON MOBIL CORP (100%)
XOM,1011425,Walker Ridge 718 (JSM),LA,211120,0.1075,194726.364,TOTAL HOLDINGS USA INC (5%); CHEVRON CORP (40.6%); EQUINOR US HOLDINGS INC (27.9%); MURPHY OIL CORP (15%); EXXON MOBIL CORP (10.75%)
XOM,1012459,ExxonMobil 535 Green River GB (LaBArge Gathering & Boosting),WY,211130,1.0,56013.086,EXXON MOBIL CORP (100%)
XOM,1004143,XTO - Castle Valley,UT,211130,1.0,,EXXONMOBIL CORP (100%)
XOM,1010911,XTO - Pettijohn Compressor Station,OK,211111,1.0,,EXXONMOBIL CORP (100%)
XOM,1006548,XTO - Teague SW & SR Station,TX,211111,1.0,,EXXONMOBIL CORP (100%)
XOM,1010719,Mobile Bay - 823 A,AL,211130,0.625,,EXXONMOBIL CORP (62.5%); CHEVRON CORP (25%); W&T OFFSHORE INC (12.5%)
XOM,1004196,CALUMET GAS PLANT,LA,211111,0.14828,,"TARGA RESOURCES INC (32.41%);Black Elk Energy Offshore Operations, LLC (2.031%);DCP MIDSTREAM, LP (0.531%);Fuels Acquisition Company (2.45%);W & T Offshore, INC (0.974%);Exxon Mobil Production Company (14.828%);APACHE CORP (6.55%);Enterprise Gas Processing, LLC (35.4%);Hunt Oil Company (4.83%);"
XOM,1014800,"PHP Lockhart Compressor Station, TX",TX,486210,0.1999,37575.420000000006,APA CORP (26.67%); EAGLECLAW MIDSTREAM SERVICES LLC (26.67%); KINDER MORGAN INC (26.67%); EXXON MOBIL CORP (19.99%)
XOM,1011767,Wasson San Andres Field,TX,211120,0.1557,3669743.0,OCCIDENTAL PETROLEUM CORP (53.03%); CHEVRON CORP (15.7%); CONOCOPHILLIPS (15.7%); EXXON MOBIL CORP (15.57%)
XOM,1009752,XTO GSAU Field CO2 Injection,TX,211130,1.0,,EXXON MOBIL CORP (100%)
XOM,1002508,Mary Ann - 823,AL,211111,1.0,,EXXONMOBIL CORP (100%);
XOM,1009141,XTO Energy Inc 595 Piceance,NM,211130,1.0,,EXXON MOBIL CORP (100%)
XOM,1001872,BPXA FLOW STATION #3,AK,211111,0.364,,EXXON MOBIL CORP (36.4%); CONOCOPHILLIPS (36.1%); BP AMERICA INC (26.4%); CHEVRON CORP (1.2%)
XOM,1006592,XTO - Fat Boy Station,TX,211111,1.0,,EXXONMOBIL CORP (100%)
XOM,1003555,"Thunder Horse, MMS Platform ID 02481, Complex ID 1101-1",LA,211120,0.25,251340.33,BP AMERICA INC (75%); EXXON MOBIL CORP (25%)
XOM,1002447,North Hobbs Reinjection Compression Facility (RCF) and West Injection Battery (WIB),NM,211120,0.14,21862.022,OCCIDENTAL PETROLEUM CORP (57.3%); MARATHON PETROLEUM CORP (4%); CHEVRON CORP (21%); LEGACY RESERVES INC (2%); EXXON MOBIL CORP (14%); LANDRETH CO STOCKHOLDERS (1%)
XOM,1009386,XTO Energy Inc 220 Gulf Coast,TX,211130,1.0,120835.332,EXXON MOBIL CORP (100%)
XOM,1006677,XTO-Johnson Ranch Station,TX,211111,1.0,,EXXONMOBIL CORP (100%)
XOM,1013840,PHP Coyanosa Compressor Station,TX,486210,0.1999,178179.53399999999,APA CORP (26.67%); EAGLECLAW MIDSTREAM SERVICES LLC (26.67%); KINDER MORGAN INC (26.67%); EXXON MOBIL CORP (19.99%)
XOM,1012559,XTO Energy Inc 345 Arkoma  GB,OK,211130,1.0,29895.183999999997,EXXON MOBIL CORP (100%)
CVX,1001874,BPXA GATHERING CENTER #2,AK,211111,0.012,,EXXON MOBIL CORP (36.4%); CONOCOPHILLIPS (36.1%); BP AMERICA INC (26.4%); CHEVRON CORP (1.2%)
CVX,1009286,PDC Energy 540 Denver Basin,CO,211130,1.0,591579.4600000001,CHEVRON CORP (100%)
CVX,1006074,Green Canyon 641,LA,211120,0.58,102434.092,CHEVRON CORP (58%); EQUINOR US HOLDINGS INC (25%); TOTAL HOLDINGS USA INC (17%)
CVX,1013690,Mobile 823 A,AL,211120,0.25,20516.811999999998,W&T OFFSHORE INC (75%); CHEVRON CORP (25%)
CVX,1009239,Chevron MCA 260 East Texas Basin,CA,211130,1.0,44348.856,CHEVRON CORP (100%)
CVX,1010084,Rosetta Resources 220 Gulf Coast Basin,TX,211130,1.0,27523.559999999998,CHEVRON CORP (100%)
CVX,1001799,BPXA FLOW STATION #1,AK,211111,0.012,,EXXON MOBIL CORP (36.4%); CONOCOPHILLIPS (36.1%); BP AMERICA INC (26.4%); CHEVRON CORP (1.2%)
CVX,1001875,BPXA GATHERING CENTER #3,AK,211111,0.012,,EXXON MOBIL CORP (36.4%); CONOCOPHILLIPS (36.1%); BP AMERICA INC (26.4%); CHEVRON CORP (1.2%)
CVX,1009891,MC 194 A,LA,211120,0.139,31372.754,TALOS ENERGY INC (63.15%); APA CORP (21.78%); CHEVRON CORP (13.9%); W&T OFFSHORE INC (1.17%)
CVX,1005858,DENVER UNIT CO 2 RECOVERY PLANT,TX,211120,0.17,99720.708,OCCIDENTAL PETROLEUM CORP (53%); CHEVRON CORP (17%); CONOCOPHILLIPS (14%); EXXON MOBIL CORP (12%); ARIEL EXPLORATION INC (1%); COTERRA ENERGY INC (1%); DEVON ENERGY CORP (1%); PENROC OIL CORP (1%)
CVX,1002868,NORTH CROSS COMP STATION 4,TX,211120,0.0605,33559.828,OCCIDENTAL PETROLEUM CORP (93.95%); CHEVRON CORP (6.05%)
CVX,1010534,Chevron MM Salt Lake City,UT,324110,1.0,11502167.7996904,CHEVRON CORP (100%)
CVX,1013221,Noble Midstream Services - Permian Basin 430,TX,486210,1.0,187744.934,CHEVRON CORP (100%)
CVX,1010406,Dollarhide CO2 Flood,TX,211130,0.5154,,CHEVRON CORP (51.54%); PERMIAN BASIN LP (48.2%)
CVX,1003610,CHEVRON PRODS.CO. RICHMOND REFY,CA,324110,1.0,4366328.767999999,CHEVRON CORP (100%)
CVX,1009053,Chevron MCA 530 Wind River Basin,CA,211111,1.0,,CHEVRON CORP (100%)
CVX,1013222,"Noble Energy, Inc. - Permian Basin 430",TX,211130,1.0,105813.53,CHEVRON CORP (100%)
CVX,1010518,Chevron MM Pascagoula,MS,324110,1.0,49164284.02,CHEVRON CORP (100%)
CVX,1003991,Chevron Phillips Chemical Company LP Cedar Bayou Plant,TX,325110,0.5,2103735.4979999997,CHEVRON CORP (50%); PHILLIPS 66 (50%)
CVX,1004046,Coalinga,CA,211111,1.0,,CHEVRON CORP (100%)
CVX,1005022,Bunge Chevron Ag Renewables LLC,LA,311224,1.0,43635.336,BUNGE CHEVRON AG RENEWABLES LLC (100%)
CVX,1007978,"CHEVRON PRODUCTS, EL SEGUNDO REFINERY",CA,324110,1.0,3282659.9940000004,CHEVRON CORP (100%)
CVX,1008102,Chevron MCA 350 South Oklahoma Folded Belt,CA,211111,1.0,,CHEVRON CORP (100%)
CVX,1004998,ConocoPhillips Alaska Inc - KRU CPF3,AK,211120,0.0495,337420.77999999997,CONOCOPHILLIPS (92.52%); CHEVRON CORP (4.95%); EXXON MOBIL CORP (2.53%)
CVX,1001800,BPXA FLOW STATION #2,AK,211111,0.012,,EXXON MOBIL CORP (36.4%); CONOCOPHILLIPS (36.1%); BP AMERICA INC (26.4%); CHEVRON CORP (1.2%)
CVX,1009241,Chevron MCA 595 Piceance Basin,CA,211111,1.0,,CHEVRON CORP (100%)
CVX,1006189,CHEVRON PRODUCTS CO - SALT LAKE REFINERY,UT,324110,1.0,491480.39400000003,CHEVRON CORP (100%)
CVX,1002345,Viosca Knoll 786 A,LA,211120,0.5,88503.45999999999,CHEVRON CORP (50%); TALOS ENERGY INC (50%)
CVX,1004001,Kern River Cogeneration Facility,CA,221112,1.0,128287.868,CHEVRON CORP (100%)
CVX,1007204,Coalinga Cogeneration Facility,CA,221112,1.0,,CHEVRON CORP (100%)
CVX,1002146,"CHEVRON PHILLIPS CHEMICAL COMPANY, LP PORT ARTHUR PLANT",TX,325110,0.5,861803.1359999999,CHEVRON CORP (50%); PHILLIPS 66 (50%)
CVX,1012311,Chevron MCA 595 Piceance Basin Gathering and Boosting,CA,211130,1.0,21501.682,CHEVRON CORP (100%)
CVX,1012143,San Joaquin Basin Gathering & Boosting - Chevron USA Inc.,CA,211120,1.0,1345810.438,CHEVRON CORP (100%)
CVX,1003998,SYCAMORE COGENERATION Facility,CA,221112,1.0,374323.344,CHEVRON CORP (100%)
CVX,1007425,CHEVRON PHILLIPS CHEMICAL CO LP,TX,325199,0.5,,CHEVRON CORP (50%); PHILLIPS 66 (50%)
CVX,1005789,ConocoPhillips Alaska Inc - KRU CPF1,AK,211120,0.0495,492806.81799999997,CONOCOPHILLIPS (92.52%); CHEVRON CORP (4.95%); EXXON MOBIL CORP (2.53%)
CVX,1009240,Chevron MCA 430 Permian Basin,CA,211130,1.0,340254.14999999997,CHEVRON CORP (100%)
CVX,1008270,Basin 540 Denver Julesburg - Noble Energy Inc.,TX,211130,1.0,322405.882,CHEVRON CORP (100%)
CVX,1012257,Chevron MCA 260 East Texas Basin Gathering and Boosting,CA,211130,1.0,9909.032000000001,CHEVRON CORP (100%)
CVX,1012147,17Z Gas Plant - Chevron USA Inc.,CA,211130,1.0,,CHEVRON CORP (100%)
CVX,1005001,ConocoPhillips Alaska Inc - KRU STP,AK,211120,0.0495,77506.66,CONOCOPHILLIPS (92.52%); CHEVRON CORP (4.95%); EXXON MOBIL CORP (2.53%)
CVX,1004186,Kern River,CA,211111,1.0,,CHEVRON CORP (100%)
CVX,1008961,Chevron MCA 220 Gulf Coast Basin,CA,211111,1.0,,CHEVRON CORP (100%);
CVX,1010423,Mabee CO2 Flood,TX,211130,1.0,,CHEVRON CORP (100%)
CVX,1007995,CHEVRON OIL CO @ PERTH AMBOY REFINERY,NJ,324110,1.0,,Chevron Corporation (100%);
CVX,1004193,Midway Sunset,CA,211111,1.0,,CHEVRON CORP (100%)
CVX,1010516,Chevron MM Import/Export,CA,324110,1.0,32801440.2621513,CHEVRON CORP (100%)
CVX,1008956,Chevron MCA 360 Anadarko Basin,CA,211130,1.0,,CHEVRON CORP (100%)
CVX,1006967,CHEVRON PHILLIPS - SWEENY COMPLEX,TX,325110,0.5,1002445.798,CHEVRON CORP (50%); PHILLIPS 66 (50%)
CVX,1004422,ConocoPhillips Alaska Inc - KRU CPF2,AK,211120,0.0495,293507.848,CONOCOPHILLIPS (92.52%); CHEVRON CORP (4.95%); EXXON MOBIL CORP (2.53%)
CVX,1010517,Chevron MM Richmond,CA,324110,1.0,34857171.6564786,CHEVRON CORP (100%)
CVX,1000507,Salinas River Cogeneration Facility,CA,221112,1.0,154020.97999999998,CHEVRON CORP (100%)
CVX,1003130,INDIAN BASIN GAS PLANT,NM,211120,0.021,,ENTERPRISE PRODUCTS PARTNERS LP (42.2%); OCCIDENTAL PETROLEUM CORP (39.1%); CHEVRON CORP (2.1%); NGL VENTURES LLC (16.6%)
CVX,1003774,"Mad Dog. MMS Platform ID 02481, Complex ID 1215-1",LA,211120,0.156,111687.898,BP AMERICA INC (60.5%); BHP MINERALS INTERNATIONAL LLC (23.9%); CHEVRON CORP (15.6%)
CVX,1005019,Bunge Chevron Ag Renewables LLC  Cairo Facility,IL,311224,1.0,50713.759999999995,BUNGE CHEVRON AG RENEWABLES LLC (100%)
CVX,1003677,Green Canyon 205 A,LA,211120,0.596213,,CHEVRON CORP (59.6213%); EXXON MOBIL CORP (40.3787%)
CVX,1005903,PASADENA REFINING SYSTEM,TX,324110,1.0,12665000.607428998,CHEVRON USA INC (100%)
CVX,1010533,Chevron MM El Segundo,CA,324110,1.0,36145445.0496245,CHEVRON CORP (100%)
CVX,1012826,Basin 540 Denver Julesburg  G&B,TX,486210,1.0,352164.398,CHEVRON CORP (100%)
CVX,1007955,Cymric,CA,211111,1.0,,CHEVRON CORP (100%)
CVX,1007656,South Pass 77 A,LA,211111,0.6667000000000001,,Chevron Corporation (66.67%);Energy XXI GOM LLC (33.33%);
CVX,1004004,Mid Set Cogeneration Facility,CA,221112,1.0,,CHEVRON CORP (100%)
CVX,1001873,BPXA GATHERING CENTER #1,AK,211111,0.012,,EXXON MOBIL CORP (36.4%); CONOCOPHILLIPS (36.1%); BP AMERICA INC (26.4%); CHEVRON CORP (1.2%)
CVX,1010538,"REG Seneca, LLC",IL,325199,1.0,25965.652,CHEVRON CORP (100%)
CVX,1012146,Coastal Basin Gathering & Boosting - Chevron USA Inc.,CA,211120,1.0,105546.972,CHEVRON CORP (100%)
CVX,1001767,Headlee Plant,TX,211112,0.62029736,,CHEVRON CORP (62.029736%); OCCIDENTAL PETROLEUM CORP (32.43532%); GEO R BROWN PTNR LP (1.24258%)
CVX,1003738,OFS CS Lindsay Booster,OK,211111,0.3,,ONEOK PARTNERS LP (70%); CHEVRON CORP (30%)
CVX,1002629,WASSON CO2 REMOVAL PLANT,TX,211120,0.019,137043.592,OCCIDENTAL PETROLEUM CORP (86.1%); DEVON ENERGY CORP (12%); CHEVRON CORP (1.9%)
CVX,1012305,Chevron MCA 430 Permian Basin Gathering and Boosting,CA,211130,1.0,958360.75,CHEVRON CORP (100%)
CVX,1011425,Walker Ridge 718 (JSM),LA,211120,0.406,194726.364,TOTAL HOLDINGS USA INC (5%); CHEVRON CORP (40.6%); EQUINOR US HOLDINGS INC (27.9%); MURPHY OIL CORP (15%); EXXON MOBIL CORP (10.75%)
CVX,1010422,Vacuum CO2 Flood,NM,211130,0.6296,,VENDERA RESOURCES III LP (8.98%); CHEVRON CORP (62.96%); VENDERA MANAGEMENT II LLC (25.83%); APA CORP (2.09%)
CVX,1012721,Rosetta Resources 220 Gulf Coast Basin Gathering and Boosting,TX,486210,1.0,141345.74599999998,CHEVRON CORP (100%)
CVX,1006432,San Ardo,CA,211111,1.0,,CHEVRON CORP (100%)
CVX,1010719,Mobile Bay - 823 A,AL,211130,0.25,,EXXONMOBIL CORP (62.5%); CHEVRON CORP (25%); W&T OFFSHORE INC (12.5%)
CVX,1014643,"Argos, MMS Platform ID 02481, Complex ID 2665-1",LA,211120,0.156,134117.69,BP AMERICA INC (60.5%); BHP MINERALS INTERNATIONAL LLC (23.9%); CHEVRON CORP (15.6%)
CVX,1002668,PEGASUS GAS PLANT,TX,211130,0.012112000000000001,62454.015999999996,PHILLIPS 66 (85.4521%); ENBRIDGE (US) INC (12.995%); Chevron Corp (1.2112%)
CVX,1009051,Chevron MCA 507 Central Western Overthrust,CA,211111,1.0,,CHEVRON CORP (100%)
CVX,1012376,"PDC Permian, Inc. 430 Permian Basin",CO,211130,1.0,183539.24599999998,CHEVRON CORP (100%)
CVX,1007101,Beluga River Unit,AK,211111,0.33299999999999996,,CHEVRON CORP (33.3%); CONOCOPHILLIPS (33.3%); MUNICIPAL LIGHT & POWER (33.3%)
CVX,1000506,Sargent Canyon Cogeneration Facility,CA,221112,1.0,,CHEVRON CORP (100%)
CVX,1003286,Chevron Pascagoula Refinery,MS,324110,1.0,4784595.208000001,CHEVRON CORP (100%)
CVX,1002651,Mississippi Canyon 650 A,LA,211120,0.75,47532.560000000005,CHEVRON CORP (75%); OCCIDENTAL PETROLEUM CORP (25%)
CVX,1009244,Rangely Gas Plant,CO,211130,0.68069512,,CHEVRON CORP (68.069512%); WHITING OIL & GAS CORP (4.613916%); MMGJ COLORADO LLC (25.24566%)
CVX,1012272,Basin 540 Denver Julesburg  NBL Midstream Holdings LLC,TX,486210,1.0,,CHEVRON CORP (100%)
CVX,1011767,Wasson San Andres Field,TX,211120,0.157,3669743.0,OCCIDENTAL PETROLEUM CORP (53.03%); CHEVRON CORP (15.7%); CONOCOPHILLIPS (15.7%); EXXON MOBIL CORP (15.57%)
CVX,1007694,Chevron Oronite Oak Point,LA,325199,1.0,141735.316,CHEVRON CORP (100%)
CVX,1010420,Rangely CO2 Flood,CO,211130,0.6807,,CHEVRON CORP (68.07%); WHITING OIL GAS CORP (4.61%); MMGJ COLORADO LLC (25.25%)
CVX,1001872,BPXA FLOW STATION #3,AK,211111,0.012,,EXXON MOBIL CORP (36.4%); CONOCOPHILLIPS (36.1%); BP AMERICA INC (26.4%); CHEVRON CORP (1.2%)
CVX,1001962,AMERICAS STYRENICS LLC - ST JAMES PLANT,LA,325110,0.5,771321.482,CHEVRON CORP (50%); TRINSEO PLC (50%)
CVX,1002447,North Hobbs Reinjection Compression Facility (RCF) and West Injection Battery (WIB),NM,211120,0.21,21862.022,OCCIDENTAL PETROLEUM CORP (57.3%); MARATHON PETROLEUM CORP (4%); CHEVRON CORP (21%); LEGACY RESERVES INC (2%); EXXON MOBIL CORP (14%); LANDRETH CO STOCKHOLDERS (1%)
CVX,1013204,Walker Ridge 29 (Big Foot),LA,211120,0.6,138798.06399999998,CHEVRON CORP (60%); EQUINOR US HOLDINGS INC (27.5%); MARUBENI AMERICA CORP (12.5%)
CVX,1009052,Chevron MCA 535 Green River Basin,CA,211111,1.0,,CHEVRON CORP (100%)
OKE,1005011,Northern Border Pipeline Manning CS#5,ND,486210,0.5,101287.17599999999,ONEOK INC (50%); TRANSCANADA PIPELINE USA LTD (50%)
OKE,1014820,OGT CS Salt Creek,OK,486210,1.0,26235.216,ONEOK INC (100%)
OKE,1004922,Northern Border Pipeline Wetonka CS#9,ND,486210,0.5,106505.15000000001,ONEOK INC (50%); TRANSCANADA PIPELINE USA LTD (50%)
OKE,1013726,OWT CS Ector County Compressor Station,TX,486210,1.0,37632.698000000004,ONEOK INC (100%)
OKE,1002255,MCFS-CONWAY FRACTIONATOR,KS,211130,0.1,6949647.3100000005,THE WILLIAMS COS INC (50%); PHILLIPS 66 (40%); ONEOK PARTNERS LP (10%)
OKE,1004111,BPE CS Prairie Dog Booster (Ten Acre),WY,211111,1.0,,ONEOK PARTNERS LP (100%)
OKE,1004425,OHL NGLP Hutchinson Plant,KS,211130,1.0,4859424.94,ONEOK INC (100%)
OKE,1006184,OFS GPRP Maysville,OK,211130,1.0,110807.92,ONEOK INC (100%)
OKE,1003995,GPLC JOLIET SALES,IL,486210,1.0,21724.686,ONEOK INC (100%)
OKE,1004906,Northern Border Pipeline Clark CS#10,ND,486210,0.5,104212.56,ONEOK INC (50%); TRANSCANADA PIPELINE USA LTD (50%)
OKE,1003681,WTX - CS Red River CS No. 1 (Wheeler),TX,486210,1.0,37276.574,ONEOK INC (100%)
OKE,1010917,OHL NGLP Mont Belvieu NGL Fractionation and Storage Complex,TX,211130,1.0,29290925.652,ONEOK INC (100%)
OKE,1003955,OFS GPRP Antelope Hills Gas Plant,OK,211130,1.0,27535.176,ONEOK INC (100%)
OKE,1012616,ORM GPRP Lonesome Creek Gas Plant,ND,211130,1.0,38364.758,ONEOK INC (100%)
OKE,1011778,OFS CS Cedar Lake,OK,211111,1.0,,ONEOK PARTNERS LP (100%)
OKE,1004917,Northern Border Pipeline Trimont CS#13,MN,486210,0.5,103199.91399999999,ONEOK INC (50%); TRANSCANADA PIPELINE USA LTD (50%)
OKE,1004418,OHL NGLP Medford Plant,OK,211130,1.0,,ONEOK INC (100%)
OKE,1012618,"ONEOK Rockies Midstream, L.L.C. 515 Powder River Basin GB",OK,211130,1.0,153187.76,ONEOK INC (100%)
OKE,1004009,OGS SF Depew,OK,486210,1.0,29763.618,ONEOK INC (100%)
OKE,1012667,"ONEOK Rockies Midstream, L.L.C. 395 Williston Basin GB",OK,211130,1.0,339385.728,ONEOK INC (100%)
OKE,1003727,OFS GPRP Panther Creek Gas Plant,OK,211130,1.0,,ONEOK INC (100%)
OKE,1004771,Northern Border Pipeline Saint Anthony CS#7,ND,486210,0.5,98676.33,ONEOK INC (50%); TRANSCANADA PIPELINE USA LTD (50%)
OKE,1012659,"ONEOK Field Services Company, L.L.C. 350 South Oklahoma Folded Belt GB",OK,211130,1.0,140440.76400000002,ONEOK INC (100%)
OKE,1010529,OFS CS ICE,OK,211111,1.0,,ONEOK PARTNERS LP (100%)
OKE,1009362,OFS CS Ward,OK,211111,1.0,,ONEOK PARTNERS LP (100%)
OKE,1004012,VGT CS 2204,MN,486210,1.0,,ONEOK INC (100%)
OKE,1006338,OHL NGLP Isomerization Plant,KS,325110,1.0,,ONEOK INC (100%)
OKE,1006316,OFS GPRP Woodward Gas Plant,OK,211130,1.0,22681.0,ONEOK INC (100%)
OKE,1003973,OFS CS Geary (Base Sales),OK,211111,1.0,,ONEOK PARTNERS LP (100%)
OKE,1012506,Corpus Christi Terminal Condensate Splitter,TX,324110,1.0,6252159.474,ONEOK INC (100%)
OKE,1013103,"Roadrunner Gas Transmission, LLC",OK,486210,1.0,,ONEOK INC (100%)
OKE,1004912,Northern Border Pipeline Glen Ullin CS#6,ND,486210,0.5,106376.302,ONEOK INC (50%); TRANSCANADA PIPELINE USA LTD (50%)
OKE,1008476,BPE GPRP Garden Creek,ND,211130,1.0,52386.658,ONEOK INC (100%)
OKE,1003738,OFS CS Lindsay Booster,OK,211111,0.7,,ONEOK PARTNERS LP (70%); CHEVRON CORP (30%)
OKE,1003736,OFS GPRP Custer Gas Plant,OK,211130,1.0,70208.318,ONEOK INC (100%)
OKE,1003734,OFS GPRP Leedey Gas Plant,OK,211130,1.0,,ONEOK INC (100%)
OKE,1004908,Northern Border Pipeline Estelline CS#11,ND,486210,0.5,101253.37,ONEOK INC (50%); TRANSCANADA PIPELINE USA LTD (50%)
OKE,1003671,VGT CS 2207,MN,486210,1.0,,ONEOK INC (100%)
OKE,1012658,"ONEOK Field Services Company, L.L.C. 360 Anadarko Basin GB",OK,211130,1.0,683805.892,ONEOK INC (100%)
OKE,1003251,BPE GPRP Baker Gas Plant,MT,211112,1.0,,"ONEOK Partners, L.P. (100%);"
OKE,1004858,Northern Border Pipeline Zeeland CS#8,ND,486210,0.5,106706.204,ONEOK INC (50%); TRANSCANADA PIPELINE USA LTD (50%)
OKE,1003682,WTX - CS Red River CS No. 2 (Lamesa),TX,486210,1.0,39519.112,ONEOK INC (100%)
OKE,1007367,BPE GPRP Grasslands Gas Plant,ND,211130,1.0,472674.178,ONEOK INC (100%)
OKE,1010302,BPE GPRP Stateline,ND,211130,1.0,65313.922,ONEOK INC (100%)
OKE,1004000,MGT CS Portland 2101,TN,486210,1.0,,ONEOK INC (100%)
OKE,1003999,MGT CS Petersburg 2110,IN,486210,1.0,,ONEOK INC (100%)
OKE,1012617,BPE GPRP Bear Creek,ND,211130,1.0,39229.508,ONEOK INC (100%)
OKE,1004002,MGT Potomac 2118,IL,486210,1.0,,ONEOK INC (100%)
OKE,1013955,ORM GPRP Demicks Lake Gas Plant,ND,211130,1.0,80601.90400000001,ONEOK INC (100%)
OKE,1013109,"ONEOK Gas Transportation, L.L.C.",OK,486210,1.0,7052.35,ONEOK INC (100%)
OKE,1004715,ONEOK Bushton Plant,KS,211130,1.0,21488989.72,ONEOK INC (100%)
OKE,1006368,Northern Border Pipeline Garvin CS#12,MN,486210,0.5,100320.974,ONEOK INC (50%); TRANSCANADA PIPELINE USA LTD (50%)
OKE,1012619,Superior Pipeline Kansas 375 Sedgwick Basin GB,OK,211130,1.0,50514.884,ONEOK INC (100%)
OKE,1010547,OFS GPRP Canadian Valley,OK,211130,1.0,55212.077999999994,ONEOK INC (100%)
OKE,1013730,OWT CS Future Site Compressor Station,TX,486210,1.0,28608.296,ONEOK INC (100%)
OKE,1005045,MBI NGLP Mont Belvieu Plant,TX,211130,0.8,11965080.282000002,ONEOK INC (80%); PHILLIPS 66 (10%); SPECTRA ENERGY LLC (10%)
NUE,1006144,NUCOR STEEL JACKSON INC,MS,331110,1.0,81932.31999999999,NUCOR CORP (100%)
NUE,1005976,NUCOR STEEL DECATUR,AL,331110,1.0,452134.224,NUCOR CORP (100%)
NUE,1003093,NUCOR STEEL MEMPHIS INC,TN,331110,1.0,141215.12399999998,NUCOR CORP (100%)
NUE,1007642,NUCOR-YAMATO STEEL CO,AR,331110,0.51,375416.83599999995,NUCOR CORP (51%); YAMATO KOGYO (USA) CORP (49%)
NUE,1013719,"Nucor Steel Sedalia, LLC",MO,331110,1.0,25760.683999999997,NUCOR CORP (100%)
NUE,1004152,NUCOR STEEL BIRMINGHAM INC,AL,331110,1.0,78877.92199999999,NUCOR CORP (100%)
NUE,1005700,Nucor Steel Gallatin LLC,KY,331110,1.0,378215.676,NUCOR CORP (100%)
NUE,1007577,"NUCOR STEEL MARION, INC. (0351010017)",OH,331110,1.0,67861.856,NUCOR CORP (100%)
NUE,1002266,NUCOR STEEL - BERKELEY,SC,331110,1.0,598948.496,NUCOR CORP (100%)
NUE,1002621,"NUCOR STEEL KANKAKEE, INC.",IL,331110,1.0,120039.208,NUCOR CORP (100%)
NUE,1010766,Nucor Steel Louisiana LLC,LA,331110,1.0,1086837.452,NUCOR CORP (100%)
NUE,1007695,NUCOR STEEL NEBRASKA,NE,331110,1.0,190236.47999999998,NUCOR CORP (100%)
NUE,1013487,Nucor Steel Florida Inc.,FL,331110,1.0,35012.04,NUCOR CORP (100%)
NUE,1002958,NUCOR STEEL HERTFORD COUNTY,NC,331110,1.0,216464.492,NUCOR CORP (100%)
NUE,1006761,CALIFORNIA STEEL INDUSTRIES INC,CA,331221,0.51,164102.332,NUCOR CORP (51%); CALIFORNIA STEEL INDUSTRIES INC (49%)
NUE,1007921,NUCOR STEEL - ARKANSAS,AR,331110,1.0,372388.688,NUCOR CORP (100%)
NUE,1005832,NUCOR STEEL-TEXAS,TX,331110,1.0,181047.508,NUCOR CORP (100%)
NUE,1003457,"Nucor Steel Tuscaloosa, Inc.",AL,331110,1.0,199908.716,NUCOR CORP (100%)
NUE,1005777,NUCOR STEEL - UTAH,UT,331110,1.0,243502.736,NUCOR CORP (100%)
NUE,1000029,NUCOR STEEL SEATTLE INC,WA,331110,1.0,82395.852,NUCOR CORP (100%)
NUE,1007946,NUCOR STEEL DARLINGTON,SC,331110,1.0,185444.564,NUCOR CORP (100%)
NUE,1004151,NUCOR STEEL INDIANA,IN,331110,1.0,255383.476,NUCOR CORP (100%)
NUE,1012352,Nucor Steel Longview,TX,331110,1.0,59004.584,NUCOR CORP (100%)
NUE,1006341,NUCOR STEEL AUBURN INC,NY,331110,1.0,80823.548,NUCOR CORP (100%)
NUE,1013493,Nucor Fastener Indiana,IN,332312,1.0,24255.708,NUCOR CORP (100%)
NUE,1014582,Nucor Steel Brandenburg,KY,331110,1.0,64560.104,NUCOR CORP (100%)
DOW,1002460,UNION CARBIDE TEXAS CITY,TX,325110,1.0,,DOW CHEMICAL (100%)
SHW,1006900,SHERWIN ALUMINA PLANT,TX,331311,1.0,,SHERWIN ALUMINA CO LLC (100%)
CAT,1005990,CATERPILLAR INC.-MAPLETON,IL,331511,1.0,189158.328,CATERPILLAR INC (100%)
CAT,1006553,"Advanced Tri-Gen Power Systems, LLC",IL,221112,1.0,96956.784,CATERPILLAR INC (100%)
CAT,1004470,CATERPILLAR INCORPORATED,IN,333618,1.0,33561.969999999994,CATERPILLAR INC (100%)
CAT,1002317,SOLAR TURBINES INCORPORATED,CA,333611,1.0,34340.708000000006,CATERPILLAR INC (100%)
CAT,1013247,Dallas Overhaul Center,TX,333611,1.0,36165.942,CATERPILLAR INC (100%)
CAT,1005197,PROGRESS RAIL LOCOMOTIVE INC,IL,336510,1.0,14580.538,CATERPILLAR INC (100%)
CAT,1002575,Caterpillar Inc. - East Peoria Plant,IL,333120,1.0,52137.468,CATERPILLAR INC (100%)
CAT,1003985,Caterpillar Inc,IL,333120,1.0,,CATERPILLAR INC (100%)
DE,1002458,JOHN DEERE FNDRY WATERLOO,IA,333111,1.0,45075.880000000005,DEERE & CO (100%)
DE,1001732,JOHN DEERE HARVESTER WORKS,IL,333111,1.0,,DEERE & CO (100%)
DE,1001902,JOHN DEERE DUBUQUE WORKS,IA,333120,1.0,,DEERE & CO (100%)
F,1012974,Ford Motor Company,MI,336110,1.0,,FORD MOTOR CO (100%)
F,1003226,FORD MOTOR COMPANY - TWIN CITIES ASSEMBLY PLANT,MN,336111,1.0,,Ford Motor Company (100%);
F,1006752,Ford Motor Company - Chicago Assembly Plant,IL,336110,1.0,51797.104,FORD MOTOR CO (100%)
F,1002752,FORD MOTOR COMPANY - FORD CLEVELAND SITE,OH,336312,1.0,,Ford Motor Company (100%);
F,1005668,FORD MOTOR COMPANY - FORD ROUGE SITE,MI,336110,1.0,72646.276,FORD MOTOR CO (100%)
F,1003264,FORD MOTOR COMPANY - FORD SHARONVILLE TRANSMISSION PLANT,OH,336350,1.0,,FORD MOTOR CO (100%)
F,1002755,FORD MOTOR COMPANY - FORD MICHIGAN ASSEMBLY SITE,MI,336110,1.0,53033.448,FORD MOTOR CO (100%)
F,1003262,FORD MOTOR COMPANY - FORD STERLING PLANT,MI,336350,1.0,27742.296,FORD MOTOR CO (100%)
F,1000104,FORD MOTOR COMPANY - FORD OHIO ASSEMBLY PLANT,OH,336110,1.0,28540.292,FORD MOTOR CO (100%)
F,1004951,FORD MOTOR COMPANY - FORD LOUISVILLE ASSEMBLY PLANT,KY,336110,1.0,40580.548,FORD MOTOR CO (100%)
F,1005024,FORD MOTOR COMPANY - FORD KANSAS CITY ASSEMBLY PLANT,MO,336110,1.0,75073.968,FORD MOTOR CO (100%)
F,1002753,FORD MOTOR COMPANY - FORD LIVONIA SITE,MI,336350,1.0,,FORD MOTOR CO (100%)
F,1006754,FORD MOTOR COMPANY - FORD RESEARCH AND ENGINEERING CENTER,MI,541715,1.0,21610.768,FORD MOTOR CO (100%)
F,1001722,Ford Motor Company - Flat Rock Assembly Plant,MI,336110,1.0,47885.12,FORD MOTOR CO (100%)
F,1002626,FORD MOTOR COMPANY - FORD KENTUCKY TRUCK PLANT,KY,336110,1.0,78715.304,FORD MOTOR CO (100%)
GM,1006371,GMC TRUCK GROUP ARLINGTON ASSEMBLY PLANT,TX,336110,1.0,48576.068,GENERAL MOTORS CO (100%)
GM,1003506,GENERAL MOTORS FORT WAYNE ASSEMBLY,IN,336110,1.0,59828.622,GENERAL MOTORS CO (100%)
GM,1004221,GENERAL MOTORS LORDSTOWN COMPLEX EAST,OH,336111,1.0,,GENERAL MOTORS CO (100%)
GM,1000380,GM TECHNICAL CENTER,MI,541380,1.0,40909.196,GENERAL MOTORS CO (100%)
GM,1010554,General Motors LLC Orion Assembly,MI,336110,1.0,36200.172,GENERAL MOTORS LLC (100%)
GM,1001755,Defiance Casting Operations (0320010001),OH,331524,1.0,29214.14,GENERAL MOTORS CO (100%)
GM,1004695,GENERAL MOTORS CORP - MILFORD PROVING GROUND,MI,541380,1.0,23645.76,GENERAL MOTORS CO (100%)
GM,1004605,GENERAL MOTORS LANSING DELTA TOWNSHIP,MI,336110,1.0,36636.612,GENERAL MOTORS CO (100%)
GM,1003225,GENERAL MOTORS MLCG DETROIT-HAMTRAMCK ASSEM BLY CENTER,MI,336110,1.0,33967.172,GENERAL MOTORS CO (100%)
GM,1010579,General Motors Components Holdings LLC,IN,334413,1.0,,GENERAL MOTORS LLC (100%)
GM,1002953,GM VAN SLYKE COMPLEX,MI,336110,1.0,53571.547999999995,GENERAL MOTORS LLC (100%)
GM,1004317,General Motors LLC Wentzville,MO,336110,1.0,69168.64,GENERAL MOTORS CO (100%)
GM,1010968,General Motors Spring Hill Manufacturing,TN,336110,1.0,50454.759999999995,GENERAL MOTORS CO (100%)
GM,1012328,GM Lansing Grand River,MI,336111,1.0,,GENERAL MOTORS CO (100%)
GM,1010355,General Motors LLC,MI,336110,1.0,,GENERAL MOTORS CO (100%)
GM,1002828,GENERAL MOTORS FAIRFAX ASSEMBLY PLANT,KS,336110,1.0,35796.216,GENERAL MOTORS CO (100%)
GM,1002875,GENERAL MOTORS LLC BEDFORD CETC,IN,331523,1.0,52719.582,GENERAL MOTORS CO (100%)
GM,1002347,GENERAL MOTORS SAGINAW METAL CASTING OPERATIONS,MI,331524,1.0,28167.064,GENERAL MOTORS CO (100%)
WMT,1010779,"Wal-Mart Stores, Inc.",AR,455211,1.0,,WAL-MART STORES INC (100%)
PG,1009528,Procter & Gamble Paper Products,UT,322291,1.0,53494.148,THE PROCTER & GAMBLE CO (100%)
PG,1002152,PROCTER & GAMBLE PAPER PRODUCTS,CA,322120,1.0,276308.208,THE PROCTER & GAMBLE CO (100%)
PG,1002036,PROCTER & GAMBLE,GA,322291,1.0,141081.46800000002,THE PROCTER & GAMBLE CO (100%)
PG,1002111,PROCTER & GAMBLE PAPER PRODUCTS CO,WI,322120,1.0,191281.28,THE PROCTER & GAMBLE CO (100%)
PG,1002674,PROCTER & GAMBLE PAPER PRODUCTS CO,MO,322291,1.0,157540.756,THE PROCTER & GAMBLE CO (100%)
PG,1013537,Procter & Gamble Mason Business Center,OH,541715,1.0,22884.162,THE PROCTER & GAMBLE CO (100%)
PG,1002497,GILLETTE CO,MA,332215,1.0,44354.832,THE PROCTER & GAMBLE CO (100%)
PG,1001244,Procter & Gamble Paper Products,PA,322120,1.0,702036.6780000001,THE PROCTER & GAMBLE CO (100%)
PG,1000186,Procter & Gamble Company - Ivorydale,OH,325611,0.813,83142.288,THE PROCTER & GAMBLE CO (81.3%); DTE ENERGY CO (18.7%)
PG,1011541,Procter & Gamble Manufacturing Co.,LA,325611,1.0,20094.024,THE PROCTER & GAMBLE CO (100%)
LLY,1004469,LILLY DEL CARIBE INC CAROLIN A,PR,325412,1.0,47574.076,ELI LILLY & CO (100%)
JNJ,1005447,MEAD JOHNSON NUTRITION,IN,311511,1.0,,MEAD JOHNSON & CO LLC (100%)
JNJ,1013538,Mead Johnson Nutrition,MI,311514,1.0,23910.36,MEAD JOHNSON & CO LLC (100%)
JNJ,1001972,FLOMATON TREATING FACILITY,AL,211111,0.00011403,,"ROBERT GARY JOHNSON (0.011403%);E L JOHNSON JR (0.001436%);JOANN BUSH (0.000092%);JESSIE JAMES LAMBETH (0.008006%);KELLI MARIE C ROWE (0.000266%);CHIP A JOHNSON (0.000145%);ARTHUR PRESTON RUTHERFORD (0.00093%);APPALACHIAN RESOURCE MGT CO (0.116303%);MARY VIRGINIA SIMMONS (0.001001%);MARY M WOHLFORD (0.067843%);RICHARD JOHNSON (0.045107%);PENSARELI INC (0.289223%);THOMAS E MCMILLAN ESTATE (0.280529%);BARBARA PURIFOY KELLY (0.001347%);MARGARET BOTELER REVOCABLE TR (0.028936%);HIRAM L JOHNSON (0.011404%);R H BISHOP (0.07487%);JAMES E KING (0.002815%);FABO II LLC (0.057873%);PINEY FORK PRODUCTION CO (0.277079%);ROBERT & ELAINE LAMBETH (0.008006%);JIM PONDER MINISTRIES INC (0.017292%);LOUIS WITT (0.009014%);KAREN TALLANT (0.000349%);ASTRAL ENERGY INC (0.011565%);CODY L WEDGEWORTH AND (0.008006%);G ASSOCIATES INC (0.012325%);R T FOGLE PROPERTIES LLC (0.016899%);BISHOP PETROLEUM INC (5.375342%);ROBERTSON-FINLEY RESOURCES INC (0.203527%);MARGARET BOTELER MARITAL TRUST (0.028936%);SANDRA LANDRETH KANE (0.008518%);WILLIAM ROY STOKES (0.009637%);SIERRA PACIFIC CORP (0.024618%);GREGORY ALLEN JOHNSON (0.000019%);RUSSELL JOHNSON (0.003594%);SUSAN J FRY (0.008518%);GEORGE RICHARD PURIFOY JR (0.001347%);DR JAMES F WHITE (0.002695%);BOB O RAMSEY (0.001002%);MARVIN LAMBETH (0.008006%);CHESTER JOHNSON (0.011403%);BILLY JOE GOLDEN (0.004071%);WILLIAM WALLACE ALLRED (0.001181%);DARYL FORE (0.007221%);JAMES D HILLHOUSE IV (0.250227%);ELBERT R ADAMS & JEWEL K CUTTS (0.000089%);TRIPLE T RESOURCES CORPORATION (0.017105%);JOHN S NICHOLS FAMILY TRUST (0.016898%);CAROL ANN C STEPHENSON (0.000531%);CORTNEY S JOHNSON (0.000145%);DOUGLAS LEE JOHNSON (0.000019%);KATHERINE BLAIR (0.001001%);EBB INVESTMENTS LLC (0.019291%);RUDY RESOURCES LP (0.518469%);ZOE LOUISE HARGRAVE (0.000193%);BO-WAR LTD PARTNERSHIP (0.057874%);JEAN HARRISON RUSS (WI) (0.002695%);TENEXPLO CORPORATION (0.123731%);MICHELLE IONE PEAVY (0.003712%);MYRTLE P HAYDON ESTATE (0.002952%);CHARLES T RAMSEY (0.001002%);B M HENDERSON (0.021137%);CHERYL DIANNE REBOZO (0.001001%);JUNE R DEGROFF (0.001002%);MILDRED J DRURY (0.001001%);GEORGE H LANDRETH II (0.008518%);THOMAS BRENT CASEY (0.000531%);BENJAMIN G BELL (0.005891%);POWER PETROLEUMS INC (0.209314%);LARRY LEE WOZENCRAFT (0.003753%);CLARENCE P BELL (0.005891%);SPLASH ENERGY COMPANY (0.337047%);ESTATE OF JOHN H MORGAN (0.003753%);R W ABERCROMBIE (0.16745%);MARGARET L RICHARDS (0.001396%);M G COHEN PROPERTIES LLC (0.016899%);WILLIAM W STUBBS III (0.049836%);MARY JANE LANDRETH (0.135924%);COBY W JOHNSON (0.000145%);BOTELER-WOOD PROPERTIES LLC (0.019291%);MARIAN LEIGH BARTLETT (0.000266%);COLSON PROPERTIES LTD (0.14951%);MARY TERESA LAMBETH SMITH (0.008006%);RUSSELL J JOHNSON &LINDA DIANE JOHNSON JT TENANTS (0.000913%);ENDEAVOR ENERGY RESOURCES LP (0.689884%);LINDA SUE SCOTT (0.000019%);MARILYN B HOLT (0.007855%);ANDREA M PINTAONE CANAVAN (0.000349%);BARBARA GLASS MEYER TRUST (0.01171%);E E MCKAY TRUST (0.146491%);WILLIS & JEAN LAMBETH (0.008007%);BPL ENERGY INC (0.031665%);MICHAEL L JOHNSON (0.001964%);MARY JANE LANDRETH TRUST (0.08518%);GREGORY SCOTT GUTHRIE (0.001002%);JIMMIE L BUSH (0.000092%);JAMES RESOURCES INC (0.184808%);GEORGE S HILLHOUSE (0.250228%);MILLARD H LAMBETH (0.008006%);SHEANA W BUTLER ET AL (0.067843%);SHERYL ANN LANDRETH (0.008518%);WASHOE COMPANY (0.10427%);ED LEIGH MCMILLAN II (0.02894%);ESCAMBIA OPERATING COMPANY, LLC (88.21%);MADELINE J GALLOPS (0.001494%);SOLO ENERGY INC (0.007166%);ELAND ENERGY INC (0.445769%);RILEY M JOHNSON JR (0.005379%);WILLIAM H HAYS (0.001435%);CHARLES E FORE (0.000463%);RAY JOHNSON (0.001494%);MARCUS T JOHNSON (0.001964%);AVALYN M GILLMORE (0.002815%);PHILLIP M HILLHOUSE (0.250227%);JILL ELAINE C MCCULLOUGH (0.000531%);BONNIE M JOHNSON (0.003635%);KERBEROS CORPORATION (0.204818%);"
JNJ,1010137,Johnson Controls,WI,334512,1.0,,JOHNSON CONTROLS INC (100%)
JNJ,1003227,IRIS GLEN ENVIRONMENTAL CENTER,TN,562212,1.0,31913.45,CITY OF JOHNSON CITY (100%)
JNJ,1003248,SC JOHNSON & SON INC WAXDALE FACILITY,WI,325612,1.0,38703.172000000006,SC JOHNSON & SON INC (100%)
JNJ,1002422,OZONA GAS PLANT,TX,211130,0.15,70709.426,ENBRIDGE (US) INC (8.25%); PHILLIPS 66 (54.25%); DEVON ENERGY CORP (22.5%); JOHNSON & LINDLEY LLC (15%)
JPM,1010562,J.P. Morgan Ventures Energy Corporation,NY,523130,1.0,,JP MORGAN CHASE & CO (100%)
GS,1003494,JW Aluminum,SC,331315,0.3,52140.304,KOHLBERG KRAVIS ROBERTS & CO LP (42%); THE GOLDMAN SACHS GROUP INC (30%); PENTWATER CAPITAL MANAGEMENT LP (15%); MAGNETAR FINANCIAL LLC (13%)
AAPL,1007008,United Refining Company,PA,324110,1.0,625205.8380000001,RED APPLE GROUP INC (100%)
AAPL,1001762,McKinley Paper WI Company,WI,322120,1.0,287870.94399999996,APPLETON PROPERTY VENTURES LLC (100%)
AAPL,1010469,United Refining Company Subpart MM,PA,324110,1.0,10146173.0,RED APPLE GROUP INC (100%)
GOOGL,1011082,Ivanpah Solar Electric Generating Facility,CA,221114,0.281,56418.04,NRG ENERGY INC (50.1%); ALPHABET INC (28.1%); BRIGHTSOURCE ENERGY INC (21.8%)
DIS,1007870,Reedy Creek Improvement District/Walt Disney World Resort,FL,713110,0.99,219040.326,THE WALT DISNEY CO (99%); REEDY CREEK IMPROVEMENT DISTRICT (1%)
DUK,1000908,W S Lee,SC,221112,1.0,2338386.872,DUKE ENERGY CORP (100%)
DUK,1000906,H B Robinson / Darlington Electric Power Plant,SC,221112,1.0,16494.894,DUKE ENERGY CORP (100%)
DUK,1000107,Osprey Energy Center,FL,221112,1.0,847667.108,DUKE ENERGY CORP (100%)
DUK,1001049,Mayo Electric Generating Plant,NC,221112,1.0,1369520.38,DUKE ENERGY CORP (100%)
DUK,1001188,Intercession City Power Plant,FL,221112,1.0,211060.20200000002,DUKE ENERGY CORP (100%)
DUK,1000833,Dan River,NC,221112,1.0,1470088.6039999998,DUKE ENERGY CORP (100%)
DUK,1000829,W H Weatherspoon Steam Electric Plant,NC,221112,1.0,,DUKE ENERGY CORP (100%)
DUK,1009540,Duke Energy Power Delivery Midwest,OH,221121,1.0,8368.7628,DUKE ENERGY CORP (100%)
DUK,1001371,Wheatland Generating Facility LLC,IN,221112,1.0,64437.212,DUKE ENERGY CORP (100%)
DUK,1014615,Duke Energy Indiana CHP at Purdue University,IN,221112,1.0,75932.164,DUKE ENERGY CORP (100%)
DUK,1000835,Riverbend,NC,221112,1.0,,DUKE ENERGY CORP (100%);
DUK,1001583,Piedmont Natural Gas - North Carolina,NC,221210,1.0,26491299.592,DUKE ENERGY CORP (100%)
DUK,1013805,Clemson CHP,SC,221330,1.0,66215.5,DUKE ENERGY CORP (100%)
DUK,1001543,R Gallagher,IN,221112,1.0,,DUKE ENERGY CORP (100%)
DUK,1001112,Hines Energy Complex,FL,221112,1.0,4241786.628,DUKE ENERGY CORP (100%)
DUK,1007180,Asheville Steam Electric Plant,NC,221112,1.0,1455027.4400000002,DUKE ENERGY CORP (100%)
DUK,1000831,Buck,NC,221112,1.0,1570968.456,DUKE ENERGY CORP (100%)
DUK,1001187,Belews Creek,NC,221112,1.0,5584207.896,DUKE ENERGY CORP (100%)
DUK,1001489,P L Bartow Power Plant,FL,221112,1.0,2699795.332,DUKE ENERGY CORP (100%)
DUK,1001006,East Bend,KY,221112,1.0,2494124.2399999998,DUKE ENERGY CORP (100%)
DUK,1001540,Cayuga,IN,221112,1.0,4188339.98,DUKE ENERGY CORP (100%)
DUK,1000402,University of Florida Cogeneration Plant,FL,221112,1.0,203558.444,DUKE ENERGY CORP (100%)
DUK,1007378,Wabash River Gen Station,IN,221112,0.72,,DUKE ENERGY CORP (72%); WABASH VALLEY POWER ASSOC (28%)
DUK,1001109,Lincoln,NC,221112,1.0,19532.298,DUKE ENERGY CORP (100%)
DUK,1000786,H F Lee Steam Electric Plant,NC,221112,1.0,2637535.2199999997,DUKE ENERGY CORP (100%)
DUK,1001322,Rockingham County Combustion Turbine,NC,221112,1.0,456149.396,DUKE ENERGY CORP (100%)
DUK,1001541,Edwardsport,IN,221112,1.0,2815763.776,DUKE ENERGY CORP (100%)
DUK,1001085,Woodsdale,OH,221112,1.0,182344.76799999998,DUKE ENERGY CORP (100%)
DUK,1009537,T&D FLORIDA,FL,221112,1.0,2683.7196,DUKE ENERGY CORP (100%)
DUK,1000787,Roxboro Steam Electric Plant,NC,221112,1.0,4122411.542,DUKE ENERGY CORP (100%)
DUK,1001137,Tiger Bay Cogeneration Facility,FL,221112,1.0,442006.61199999996,DUKE ENERGY CORP (100%)
DUK,1005857,Piedmont Natural Gas - Tennessee,NC,221210,1.0,1647369.2,DUKE ENERGY CORP (100%)
DUK,1001582,Piedmont Natural Gas - South Carolina,NC,221210,1.0,3584228.7,DUKE ENERGY CORP (100%)
DUK,1001319,"Duke Energy Vermillion, II LLC",IN,221112,0.625,395166.476,DUKE ENERGY CORP (62.5%); WABASH VALLEY POWER ASSOC (37.5%)
DUK,1000785,Cape Fear Steam Electric Plant,NC,221112,1.0,82993.284,DUKE ENERGY CORP (100%)
DUK,1000830,G G Allen,NC,221112,1.0,141042.74,DUKE ENERGY CORP (100%)
DUK,1001014,DeBary Power Plant,FL,221112,1.0,83352.654,DUKE ENERGY CORP (100%)
DUK,1001490,Suwannee River Power Plant,FL,221112,1.0,30858.636000000002,DUKE ENERGY CORP (100%)
DUK,1001487,Crystal River Power Plant,FL,221112,1.0,8392686.334,DUKE ENERGY CORP (100%)
DUK,1001150,Richmond County Combustion Turbine Plant,NC,221112,1.0,3485840.006,DUKE ENERGY CORP (100%)
DUK,1001030,Gibson,IN,221112,0.9011,8268672.152,DUKE ENERGY CORP (90.11%); WABASH VALLEY POWER ASSOC (4.95%); INDIANA MUNICIPAL POWER AGENCY (4.94%)
DUK,1000834,Marshall,NC,221112,1.0,5154520.467999999,DUKE ENERGY CORP (100%)
DUK,1007246,Anclote Power Plant,FL,221112,1.0,1149386.94,DUKE ENERGY CORP (100%)
DUK,1001318,Madison Generating Station,OH,221112,1.0,634516.596,DUKE ENERGY CORP (100%)
DUK,1000828,L V Sutton Steam Electric Plant,NC,221112,1.0,1495648.7079999999,DUKE ENERGY CORP (100%)
DUK,1001738,Duke Energy Kentucky Gas Operation,OH,221210,1.0,689859.75,DUKE ENERGY CORP (100%)
DUK,1000832,Cliffside,NC,221112,1.0,3711093.676,DUKE ENERGY CORP (100%)
DUK,1000163,Mill Creek Combustion Turbine Sta,SC,221112,1.0,29422.172,DUKE ENERGY CORP (100%)
DUK,1007373,G E Turner Power Plant,FL,221112,1.0,,DUKE ENERGY CORP (100%)
DUK,1000840,Walter C Beckjord Generating Station,OH,221112,0.804,,DUKE ENERGY CORP (80.4%); AEP GENERATION RESOURCES INC (3.9%); THE DAYTON POWER & LIGHT CO (15.7%)
DUK,1002687,Duke Energy Ohio Gas Operation,OH,221210,1.0,3835937.1,DUKE ENERGY CORP (100%)
DUK,1001542,Noblesville,IN,221112,1.0,513412.848,DUKE ENERGY CORP (100%)
DUK,1009685,Duke Energy Power Delivery Carolinas,NC,221121,1.0,143337.4668,DUKE ENERGY CORP (100%)
DUK,1001145,Henry County Generating Station,IN,221112,1.0,141591.276,DUKE ENERGY CORP (100%)
NEE,1013499,Gulf Power Company Transmission and Distribution,FL,221121,1.0,,NEXTERA ENERGY INC (100%)
NEE,1007255,Manatee,FL,221112,1.0,2422837.1520000002,NEXTERA ENERGY INC (100%)
NEE,1013640,Okeechobee Clean Energy Center,FL,221112,1.0,3813083.944,NEXTERA ENERGY INC (100%)
NEE,1007317,Stanton A,FL,221112,1.0,1331142.564,NEXTERA ENERGY INC (100%)
NEE,1007370,Daniel Electric Generating Plant,MS,221112,0.25,5076457.858,THE SOUTHERN CO (75%); NEXTERA ENERGY INC (25%)
NEE,1001485,Riviera,FL,221112,1.0,2510228.488,NEXTERA ENERGY INC (100%)
NEE,1013722,Ponderosa Gathering LLC,TX,486210,1.0,122944.016,NEXTERA ENERGY INC (100%)
NEE,1004229,Florida City Gas,FL,221210,1.0,,NEXTERA ENERGY INC (100%)
NEE,1007159,Turkey Point,FL,221112,1.0,2447576.064,NEXTERA ENERGY INC (100%)
NEE,1013100,"Trinity Operating USG, LLC - Arkoma (Basin 345)",TX,211130,1.0,43420.7,NEXTERA ENERGY INC (100%)
NEE,1003060,FPL Transmission and Distribution System,FL,221121,1.0,8924.6496,NEXTERA ENERGY INC (100%)
NEE,1006808,Oleander Power Project,FL,221112,1.0,217058.986,NEXTERA ENERGY INC (100%)
NEE,1013922,"Trinity Operating (USG), LLC - Arkla Basin (230)",TX,211130,1.0,79047.514,NEXTERA ENERGY INC (100%)
NEE,1002500,PEA RIDGE,FL,221112,1.0,92555.952,NEXTERA ENERGY INC (100%)
NEE,1001615,William F Wyman,ME,221112,1.0,52726.078,NEXTERA ENERGY INC (100%)
NEE,1003617,Luz Solar Partners III - VII,CA,221114,0.44966,,FORTRESS INVESTMENT GROUP (49.33%); NEXTERA ENERGY INC (44.966%); EXELON CORP (2.434%); EXELON CORP (1.768%)
NEE,1001207,Bellingham,MA,221112,1.0,47720.113999999994,NEXTERA ENERGY INC (100%)
NEE,1013354,"Trinity Operating (USG), LLC - Gulf Coast Basin (220)",TX,211120,1.0,197365.65399999998,NEXTERA ENERGY INC (100%)
NEE,1007171,West County Energy Center,FL,221112,1.0,7147923.976,NEXTERA ENERGY INC (100%)
NEE,1001484,Port Everglades,FL,221112,1.0,2027489.322,NEXTERA ENERGY INC (100%)
NEE,1001491,Lansing Smith Generating Plant,FL,221112,1.0,1602400.96,NEXTERA ENERGY INC (100%)
NEE,1001051,Scherer,GA,221112,0.0833,7612538.87,NEXTERA ENERGY INC (8.33%); OGLETHORPE POWER CORP (40%); THE SOUTHERN CO (30.6%); MUNICIPAL ELECTRIC AUTHORITY OF GEORGIA (20.13%)
NEE,1007471,Lauderdale,FL,221112,1.0,2315109.988,NEXTERA ENERGY INC (100%)
NEE,1010316,"Lone Star Transmission, LLC",TX,221121,1.0,,NEXTERA ENERGY (100%)
NEE,1001483,Fort Myers,FL,221112,1.0,4127200.89,NEXTERA ENERGY INC (100%)
NEE,1012605,"Trinity Operating USG, LLC - Chautauqua Platform (Basin 355)",TX,211130,1.0,14668.474,NEXTERA ENERGY INC (100%)
NEE,1001013,Martin,FL,221112,1.0,3286219.308,NEXTERA ENERGY INC (100%)
NEE,1007650,Cape Canaveral,FL,221112,1.0,2522128.1840000004,NEXTERA ENERGY INC (100%)
NEE,1006702,Gulf Clean Energy Center,FL,221112,1.0,1507349.868,NEXTERA ENERGY INC (100%)
NEE,1006802,Sanford,FL,221112,1.0,3027145.88,NEXTERA ENERGY INC (100%)
SO,1001118,Robins,GA,221112,1.0,,SOUTHERN CO (100%);
SO,1010480,"SNG Station 4140 Reform, AL",AL,486210,0.5,,KINDER MORGAN INC (50%); THE SOUTHERN CO (50%)
SO,1001153,Plant Rowan County,NC,221112,1.0,1676212.5839999998,THE SOUTHERN CO (100%)
SO,1001140,Theodore Cogeneration,AL,221112,1.0,748923.624,THE SOUTHERN CO (100%)
SO,1007432,Scholz Electric Generating Plant,FL,221112,1.0,,SOUTHERN CO (100%)
SO,1001763,Sambrito Compressor Station,CO,211130,0.51,,SOUTHERN UTE INDIAN TRIBE (51%); KINDER MORGAN INC (49%)
SO,1001015,Wansley (6052),GA,221112,0.72,,MUNICIPAL ELECTRIC AUTHORITY OF GEORGIA (9%); THE SOUTHERN CO (72%); OGLETHORPE POWER CORP (18%); CITY OF DALTON GEORGIA (1%)
SO,1004163,NICOR GAS,IL,221210,1.0,24070044.382,THE SOUTHERN CO (100%)
SO,1001414,E C Gaston,AL,221112,1.0,2996029.536,THE SOUTHERN CO (100%)
SO,1001135,Washington County Cogen (Olin),AL,221112,1.0,442377.61199999996,THE SOUTHERN CO (100%)
SO,1007370,Daniel Electric Generating Plant,MS,221112,0.75,5076457.858,THE SOUTHERN CO (75%); NEXTERA ENERGY INC (25%)
SO,1012439,Aka Energy LLC Denver Basin Gathering & Boosting,CO,486210,1.0,,SOUTHERN UTE INDIAN TRIBE (100%)
SO,1007098,SOUTHERN MINNESOTA BEET SUGAR COOPERATIVE,MN,311313,1.0,523808.428,SOUTHERN MINNESOTA BEET SUGAR COOPERATIVE (100%)
SO,1004840,Milner Butte Landfill,ID,562212,1.0,46237.738,SOUTHERN IDAHO REGIONAL SOLID WASTE DISTRICT (100%)
SO,1001655,"SNG Station 5122 Franklinton, LA",LA,486210,0.5,28603.113999999998,KINDER MORGAN INC (50%); THE SOUTHERN CO (50%)
SO,1008250,"SNG Station 5272 Thomaston, GA",GA,486210,0.5,33000.794,KINDER MORGAN INC (50%); THE SOUTHERN CO (50%)
SO,1000566,Canyon Power Plant,CA,221112,1.0,58326.932,SOUTHERN CALIFORNIA PUBLIC POWER AUTHORITY (100%)
SO,1000068,Apex Generating Station,NV,221112,1.0,865093.544,SOUTHERN CALIFORNIA PUBLIC POWER AUTHORITY (100%)
SO,1001507,Harllee Branch,GA,221112,1.0,,SOUTHERN CO (100%)
SO,1002234,Southern Oklahoma Regional Disposal Landfill,OK,562212,1.0,73093.49799999999,SOUTHERN OKLAHOMA REGIONAL DISPOSAL INC (100%)
SO,1012015,Macon LNG,GA,221210,1.0,17460.09,THE SOUTHERN CO (100%)
SO,1001510,Mitchell (GA),GA,221112,1.0,,SOUTHERN CO (100%)
SO,1001175,E B Harris Generating Plant,AL,221112,1.0,2420044.832,THE SOUTHERN CO (100%)
SO,1010612,Wansley CC,GA,221112,1.0,3388643.992,THE SOUTHERN CO (100%)
SO,1012033,Cherokee LNG,GA,221210,1.0,18091.884,THE SOUTHERN CO (100%)
SO,1001413,Gorgas,AL,221112,1.0,,THE SOUTHERN CO (100%)
SO,1009338,"SNG Station 5245 Selma, AL",AL,486210,0.5,22742.924,KINDER MORGAN INC (50%); THE SOUTHERN CO (50%)
SO,1001509,McManus,GA,221112,1.0,,SOUTHERN CO (100%);
SO,1006935,Red Hills Generation Facility,MS,221112,1.0,3159040.4839999997,THE SOUTHERN CO (100%)
SO,1000697,Sweatt Electric Generating Plant,MS,221112,1.0,400.3,THE SOUTHERN CO (100%)
SO,1000812,Calhoun Generating Facility,AL,221112,1.0,26958.396,THE SOUTHERN CO (100%)
SO,1008243,"SNG Station 5000 Shadyside, LA",LA,486210,0.5,,KINDER MORGAN INC (50%); THE SOUTHERN CO (50%)
SO,1004180,Virginia Natural Gas,VA,221210,1.0,6075689.126000001,THE SOUTHERN CO (100%)
SO,1007572,Chattanoga Gas Company,TN,221210,1.0,738650.3,THE SOUTHERN CO (100%)
SO,1004322,Nicor Gas Ancona,IL,221210,1.0,30256.406000000003,THE SOUTHERN CO (100%)
SO,1000364,Greene County,AL,221112,1.0,801002.394,THE SOUTHERN CO (100%)
SO,1001508,Jack McDonough,GA,221112,1.0,6468268.932,THE SOUTHERN CO (100%)
SO,1001849,"SNG Station 5216 Bay Springs, MS",MS,486210,0.5,65477.218,KINDER MORGAN INC (50%); THE SOUTHERN CO (50%)
SO,1001696,Highwood Generating Station,MT,221112,1.0,,SOUTHERN MONTANA ELECTRIC GENERATION & TRANSMISSION COOPERATIVE INC  (100%)
SO,1008652,Nicor Gas Troy Grove,IL,221210,1.0,18300.239999999998,THE SOUTHERN CO (100%)
SO,1011913,SWN Production (Louisiana),TX,211120,1.0,271880.238,GEOSOUTHERN ENERGY CORP (100%)
SO,1002572,NORFOLK SOUTHERN RAILWAY CO/JUNIATA LOCOMOTIVE SHOPS,PA,488210,1.0,,NORFOLK SOUTHERN RAILWAY CORP (100%)
SO,1001946,Coyote Gulch Treating Plant,CO,211111,0.51,,SOUTHERN UTE INDIAN TRIBE (51%); KINDER MORGAN INC (49%)
SO,1009585,Southern Company Transmission and Distribution,GA,221121,1.0,26719.7304,THE SOUTHERN CO (100%)
SO,1001947,Outlaw Compressor Station,CO,211111,0.51,,SOUTHERN UTE INDIAN TRIBE (51%); KINDER MORGAN (49%)
SO,1001412,Barry,AL,221112,1.0,5007385.069999999,THE SOUTHERN CO (100%)
SO,1008370,"SNG Station 5230 York, AL",AL,486210,0.5,38671.112,KINDER MORGAN INC (50%); THE SOUTHERN CO (50%)
SO,1009206,"SNG Station 5267 Ellerslie, GA",GA,486210,0.5,,KINDER MORGAN INC (50%); THE SOUTHERN CO (50%)
SO,1014665,"GEP HAYNESVILLE II, LLC - 230 - ARKLA BASIN",TX,211130,1.0,87470.206,GEOSOUTHERN ENERGY CORP (100%)
SO,1011983,Pump Canyon Compreesor Station,CO,211130,0.51,,SOUTHERN UTE INDIAN TRIBE (51%); KINDER MORGAN INC (49%)
SO,1007227,James H Miller Jr,AL,221112,0.9592,16558380.818,THE SOUTHERN CO (95.92%); POWERSOUTH ENERGY COOPERATIVE (4.08%)
SO,1001024,Sherburne County,MN,221112,0.1559,7177184.032000001,XCEL ENERGY INC (84.41%); SOUTHERN MINNESOTA MUNICIPAL POWER AGENCY (15.59%)
SO,1001392,Edward L Addison Generating Plant,GA,221112,1.0,122187.54000000001,THE SOUTHERN CO (100%)
SO,1012259,"Transmission Pipeline Facility, Southern Natural Gas Company, L.L.C.",TX,486210,0.5,115118.1,KINDER MORGAN INC (50%); THE SOUTHERN CO (50%)
SO,1000696,Chevron Cogenerating Station,MS,221112,1.0,792226.382,THE SOUTHERN CO (100%)
SO,1012984,"Southern Energy Operating, LLC MidGulf Coast Basin",MS,211130,1.0,81582.48000000001,"Southern Energy Operating, LLC (100%)"
SO,1001511,Yates,GA,221112,1.0,1306893.408,THE SOUTHERN CO (100%)
SO,1010491,"SNG Station 5236 Gallion, AL",AL,486210,0.5,11252.369999999999,KINDER MORGAN INC (50%); THE SOUTHERN CO (50%)
SO,1010949,David M Ratcliffe,MS,221112,1.0,1401440.0559999999,THE SOUTHERN CO (100%)
SO,1001857,"SNG Station 5130 Pearl River, MS",MS,486210,0.5,,KINDER MORGAN INC (50%); THE SOUTHERN CO (50%)
SO,1001656,"SNG Station 5222 Enterprise, MS",MS,486210,0.5,92963.49200000001,KINDER MORGAN INC (50%); THE SOUTHERN CO (50%)
SO,1008226,"SNG Station 5283 Hall Gate, GA",GA,486210,0.5,31742.904,KINDER MORGAN INC (50%); THE SOUTHERN CO (50%)
SO,1001530,Marion,IL,221112,1.0,1047163.912,SOUTHERN ILLINOIS POWER COOPERATIVE (100%)
SO,1001760,Arkansas Loop & Simpson Treating Plants,CO,211130,0.51,333442.368,SOUTHERN UTE INDIAN TRIBE (51%); KINDER MORGAN INC (49%)
SO,1003896,Southern Ute Indian Tribe Utilities Division,CO,221210,1.0,,Southern Ute Indian Tribe Utilities Division (100%);
SO,1008249,"SNG Station 4152 Tarrant, AL",AL,486210,0.5,17574.046,KINDER MORGAN INC (50%); THE SOUTHERN CO (50%)
SO,1009838,"Southern Hens, Inc.",MS,311615,1.0,32573.368,SOUTHERN HENS INC (100%)
SO,1005963,Red Willow Production Co.,CO,211130,1.0,122514.438,SOUTHERN UTE INDIAN TRIBE (100%)
SO,1001081,Southern Public Service Co.,WV,221210,1.0,,SOUTHERN PUBLIC SERVICE CO INC (100%)
SO,1001051,Scherer,GA,221112,0.306,7612538.87,NEXTERA ENERGY INC (8.33%); OGLETHORPE POWER CORP (40%); THE SOUTHERN CO (30.6%); MUNICIPAL ELECTRIC AUTHORITY OF GEORGIA (20.13%)
SO,1005864,HOLLY SUGAR CORP DBA SPRECKELS COMPANY,CA,311313,1.0,66024.778,SOUTHERN MINNESOTA BEET SUGAR COOPERATIVE (100%)
SO,1000819,Central Alabama Generating Station,AL,221112,1.0,1918312.8399999999,THE SOUTHERN CO (100%)
SO,1012454,Red Willow San Juan Basin Gathering & Boosting,CO,211111,1.0,,SOUTHERN UTE INDIAN TRIBE (100%)
SO,1001927,"SNG Station 4310 Muldon Storage, MS",MS,486210,0.5,23359.122,KINDER MORGAN INC (50%); THE SOUTHERN CO (50%)
SO,1000079,SOUTHERN ILLINOIS UNIVERSITY,IL,611310,1.0,121829.16200000001,SOUTHERN ILLINOIS UNIVERSITY SYSTEM (100%)
SO,1009889,"SNG Station 5288 Wrens, GA",GA,486210,0.5,,KINDER MORGAN INC (50%); THE SOUTHERN CO (50%)
SO,1001759,Bondad Compressor Station,CO,211130,0.51,,SOUTHERN UTE INDIAN TRIBE (51%); KINDER MORGAN INC (49%)
SO,1001926,"SNG Station 5277 Ocmulgee, GA",GA,486210,0.5,62352.263999999996,KINDER MORGAN INC (50%); THE SOUTHERN CO (50%)
SO,1009848,GeoSouthern Energy Corporation,TX,211130,1.0,109449.518,GEOSOUTHERN ENERGY CORP (100%)
SO,1001163,Plant H. Allen Franklin,AL,221112,1.0,5078422.232,THE SOUTHERN CO (100%)
SO,1006574,Kraft,GA,221112,1.0,,SOUTHERN CO (100%)
SO,1010492,"SNG Station 5259 Auburn, AL",AL,486210,0.5,37773.818,KINDER MORGAN INC (50%); THE SOUTHERN CO (50%)
SO,1007872,Atlanta Gas Light Company,GA,221210,1.0,11749151.556,THE SOUTHERN CO (100%)
SO,1001654,"SNG Station 5211 Gwinville, MS",MS,486210,0.5,61719.14,KINDER MORGAN INC (50%); THE SOUTHERN CO (50%)
SO,1009337,"SNG Station 4132 Louisville, MS",MS,486210,0.5,17882.4,KINDER MORGAN INC (50%); THE SOUTHERN CO (50%)
SO,1000460,McIntosh Combined Cycle Facility,GA,221112,1.0,3478991.696,THE SOUTHERN CO (100%)
SO,1006519,South Ignacio CDP,CO,211130,1.0,,SOUTHERN UTE INDIAN TRIBE (100%)
SO,1000698,Watson Electric Generating Plant,MS,221112,1.0,1839378.232,THE SOUTHERN CO (100%)
SO,1001505,Bowen,GA,221112,1.0,10223192.838,THE SOUTHERN CO (100%)
SO,1002501,Powell Avenue Steam Plant,AL,221330,1.0,,SOUTHERN CO (100%);
SO,1000457,Magnolia,CA,221112,1.0,611157.036,SOUTHERN CALIFORNIA PUBLIC POWER AUTHORITY (100%)
SO,1001506,Hammond,GA,221112,1.0,,THE SOUTHERN CO (100%)
SO,1012686,Red Cedar Gathering San Juan Basin Gathering & Boosting,CO,486210,0.51,378041.15,SOUTHERN UTE INDIAN TRIBE (51%); KINDER MORGAN INC (49%)
SO,1009471,Southern Star-Welda Compressor Station,KS,486210,1.0,,Southern Star Acquisition Corp (100%)
SO,1001855,"SNG Station 5010 White Castle, LA",LA,486210,0.5,40289.579999999994,KINDER MORGAN INC (50%); THE SOUTHERN CO (50%)
SO,1001031,McIntosh (6124),GA,221112,1.0,19304.451999999997,THE SOUTHERN CO (100%)
SO,1008458,"SNG Station 4165 DeArmanville, AL",AL,486210,0.5,12220.766000000001,KINDER MORGAN INC (50%); THE SOUTHERN CO (50%)
SO,1007423,Gadsden,AL,221112,1.0,,THE SOUTHERN CO (100%)
SO,1000565,Cleveland County Generating Facility,NC,221112,1.0,356228.97400000005,THE SOUTHERN CO (100%)
SO,1001147,Dahlberg (Jackson County),GA,221112,1.0,170710.344,THE SOUTHERN CO (100%)
SO,1001852,"SNG Station 5110 Toca, LA",LA,486210,0.5,22922.584,KINDER MORGAN INC (50%); THE SOUTHERN CO (50%)
SO,1000172,Nacogdoches Power LLC,TX,221112,1.0,,SOUTHERN CO (100%)
